{
    "loss": [
        0.5971533060073853,
        0.17621400952339172,
        0.12273278087377548,
        0.09070830792188644,
        0.07429476827383041
    ],
    "accuracy": [
        0.7770659923553467,
        0.9564381837844849,
        0.9654067754745483,
        0.9788597226142883,
        0.9807815551757812
    ],
    "val_loss": [
        0.12552450597286224,
        0.05188555642962456,
        0.030819352716207504,
        0.023719465360045433,
        0.01794961281120777
    ],
    "val_accuracy": [
        0.9824561476707458,
        0.9899749159812927,
        0.9949874877929688,
        0.9949874877929688,
        0.9974937438964844
    ]
}